# Settings text, English on the left, Indonesian on the right, one entry per line, tab separated.
# scripts/gen-l10n.py turns this into a table inside L10nTranslations.java.
# Keep %s and %d placeholders, {tokens} and product names as they are.
Settings	Pengaturan
Back	Kembali
MENUS	MENU
Save	Simpan
Cancel	Batal
Close	Tutup
Minimum	Minimum
Maximum	Maksimum
Unlimited	Tanpa batas
Do you wish to proceed?	Mau lanjut?
Current: %1$s %2$s	Saat ini: %1$s %2$s
videos	video
days	hari
sp	sp
ms	md
dp	dp
Feed filter	Filter feed
Ads, Shop, livestreams, and view limits.	Iklan, Shop, siaran LIVE, dan batas tayangan.
Feed navigation	Navigasi feed
Feed tabs, bottom tabs, and Tako AI.	Tab feed, tab bawah, dan Tako AI.
Interface	Tampilan
Promotions, popups, publish dates, and feed controls.	Promosi, popup, tanggal unggah, dan kontrol feed.
Comments and translation	Komentar dan terjemahan
Auto translate, quick reactions, and copy options.	Terjemahan otomatis, reaksi cepat, dan opsi salin.
Downloads	Unduhan
Path, watermark, and offline videos.	Lokasi simpan, tanda air, dan video offline.
Playback	Pemutaran
Video quality, speed and automatic advance.	Kualitas video, kecepatan, dan lanjut otomatis.
Inbox	Kotak Masuk
Rows, stories tray, and header controls.	Baris, deret Story, dan kontrol header.
Share sheet	Menu bagikan
Confirm before sending, and hidden people and options.	Konfirmasi sebelum mengirim, serta orang dan opsi yang disembunyikan.
Region settings	Pengaturan wilayah
Country, operator, locale and timezone.	Negara, operator, lokal, dan zona waktu.
App behavior	Perilaku aplikasi
Sharing, playback, and gestures.	Berbagi, pemutaran, dan gestur.
Diagnostics	Diagnostik
Settings backup and diagnostic reports.	Cadangan pengaturan dan laporan diagnostik.
Feature Gate Lab	Feature Gate Lab
Search and override gate flags	Cari dan timpa flag gate
Search local TikTok gate metadata and configure isolated typed overrides.	Cari metadata gate TikTok yang tersimpan di perangkat dan atur penimpaan bertipe secara terpisah.
Start feature gate recording	Mulai merekam feature gate
Stop feature gate recording	Hentikan rekaman feature gate
Return after using a TikTok feature to see every gate read during the recording.	Kembali ke sini setelah memakai fitur TikTok untuk melihat semua gate yang dibaca selama perekaman.
Compare gate reads with their previous values. Last recording: %d gates.	Bandingkan pembacaan gate dengan nilai sebelumnya. Rekaman terakhir: %d gate.
Recorded gate reads (%d)	Pembacaan gate yang terekam (%d)
Save JSON	Simpan JSON
Browse	Telusuri
Copy report	Salin laporan
Back up settings	Cadangkan pengaturan
Save patch settings and Feature Gate Lab rules to a JSON file.	Simpan pengaturan patch dan aturan Feature Gate Lab ke berkas JSON.
Restore settings	Pulihkan pengaturan
Choose a backup file. Your current settings are kept for Undo.	Pilih berkas cadangan. Pengaturanmu yang sekarang disimpan untuk Urungkan.
Reset settings	Setel ulang pengaturan
Restore defaults immediately. Your current settings are kept for Undo.	Kembalikan ke bawaan sekarang juga. Pengaturanmu yang sekarang disimpan untuk Urungkan.
Undo last restore	Urungkan pemulihan terakhir
Recover the settings saved before the last restore or reset.	Ambil kembali pengaturan yang tersimpan sebelum pemulihan atau penyetelan ulang terakhir.
Settings saved. Restart TikTok to apply all changes.	Pengaturan tersimpan. Mulai ulang TikTok untuk menerapkan semua perubahan.
About Hushfeed	Tentang Hushfeed
TikTok patches for Morphe, built on the Metra patches by icysymmetra and the community sets before them. Tap to open the project page.	Patch TikTok untuk Morphe, dibangun di atas patch Metra buatan icysymmetra dan kumpulan komunitas sebelumnya. Ketuk untuk membuka halaman proyek.
Blocked caption words	Kata yang diblokir di keterangan
Comma separated words or phrases. Matching captions are skipped. Case doesn't matter.	Kata atau frasa dipisahkan koma. Keterangan yang cocok akan dilewati. Huruf besar kecil tidak berpengaruh.
Blocked creators	Kreator yang diblokir
Comma separated account handles or user ids. These accounts are always skipped.	Nama pengguna atau id pengguna dipisahkan koma. Akun ini selalu dilewati.
Maximum video length	Durasi video maksimum
Seconds. Zero keeps every length. If only quality rules reject a page, keep the nearest allowed candidate.	Dalam detik. Nol berarti semua durasi ditampilkan. Jika hanya aturan kualitas yang menolak satu halaman, video terdekat yang masih diizinkan tetap dipertahankan.
Maximum views per like	Tayangan maksimum per suka
Lower values require more likes per view. Zero disables this rule. One candidate may be kept to avoid an empty page.	Nilai lebih kecil menuntut lebih banyak suka per tayangan. Nol mematikan aturan ini. Satu video bisa dipertahankan supaya halaman tidak kosong.
Hide promotional music	Sembunyikan musik promosi
Skip videos marked as using promotional music.	Lewati video yang ditandai memakai musik promosi.
Hide LIVE replays	Sembunyikan tayangan ulang LIVE
Skip recorded LIVE broadcasts in the feed.	Lewati rekaman siaran LIVE di feed.
Remove feed ads	Hapus iklan di feed
Remove ads from feed.	Hapus iklan dari feed.
Hide TikTok Shop	Sembunyikan TikTok Shop
Hide TikTok shop from feed.	Sembunyikan TikTok Shop dari feed.
Hide livestreams	Sembunyikan siaran LIVE
Hide livestreams from feed.	Sembunyikan siaran LIVE dari feed.
Hide story	Sembunyikan Story
Hide story from feed.	Sembunyikan Story dari feed.
Hide image video	Sembunyikan video foto
Hide image video from feed.	Sembunyikan video foto dari feed.
Min/Max views	Tayangan min/maks
The minimum or maximum views of a video to show.	Jumlah tayangan minimum atau maksimum agar video ditampilkan.
Min/Max likes	Suka min/maks
The minimum or maximum likes of a video to show.	Jumlah suka minimum atau maksimum agar video ditampilkan.
Hide paid partnerships	Sembunyikan kemitraan berbayar
Hide videos marked as paid partnership or branded content.	Sembunyikan video yang ditandai sebagai kemitraan berbayar atau konten bermerek.
Hide AI generated videos	Sembunyikan video buatan AI
Hide videos carrying TikTok's AI generated label.	Sembunyikan video yang membawa label buatan AI dari TikTok.
Hide verified accounts	Sembunyikan akun terverifikasi
Hide videos posted by verified accounts.	Sembunyikan video yang diunggah akun terverifikasi.
Hide Series	Sembunyikan Series
Hide videos that belong to a paid Series.	Sembunyikan video yang termasuk Series berbayar.
Hide playlist videos	Sembunyikan video playlist
Hide videos posted as part of a playlist.	Sembunyikan video yang diunggah sebagai bagian dari playlist.
Skip blocked sounds	Lewati suara yang diblokir
Skip videos that use a sound blocked with the player's sound button, or named below.	Lewati video yang memakai suara yang diblokir lewat tombol suara di pemutar, atau yang namanya ada di bawah.
Blocked sound names	Nama suara yang diblokir
Comma separated words to match against a sound's name, like saxophone. Case does not matter.	Kata dipisahkan koma untuk dicocokkan dengan nama suara, misalnya saxophone. Huruf besar kecil tidak berpengaruh.
Blocked sound ids	Id suara yang diblokir
Comma separated sound ids recorded by the player's sound button. Remove one to unblock it.	Id suara dipisahkan koma yang direkam tombol suara di pemutar. Hapus salah satu untuk membuka blokirnya.
Hide videos you have already seen	Sembunyikan video yang sudah kamu tonton
Keep a local record of what you have watched and drop those videos from later feed pages.	Simpan catatan tontonanmu di perangkat dan buang video itu dari halaman feed berikutnya.
Forget seen videos after	Lupakan video yang sudah ditonton setelah
Days to remember a video. Zero removes the age limit. History keeps at most 10,000 videos.	Jumlah hari sebuah video diingat. Nol menghapus batas usia. Riwayat menyimpan paling banyak 10.000 video.
Clear the seen video history	Hapus riwayat video yang sudah ditonton
Delete the local record of the videos you have watched.	Hapus catatan di perangkat tentang video yang sudah kamu tonton.
Clear the seen video history?	Hapus riwayat video yang sudah ditonton?
This deletes the local record only. Your TikTok account history is not touched.	Ini hanya menghapus catatan di perangkat. Riwayat akun TikTok-mu tidak disentuh.
Seen video history cleared	Riwayat video yang sudah ditonton dihapus
Clear	Hapus
Hide the playlist bar	Sembunyikan bilah playlist
Hide the playlist bar along the bottom of videos that belong to a series.	Sembunyikan bilah playlist di bagian bawah video yang termasuk sebuah seri.
Hide the event badge	Sembunyikan lencana acara
Hide the floating promotional badge over the feed.	Sembunyikan lencana promosi yang mengambang di atas feed.
Hide inserted cards	Sembunyikan kartu sisipan
Hide the friend recommendation card and the other cards TikTok slots between videos.	Sembunyikan kartu rekomendasi teman dan kartu lain yang TikTok selipkan di antara video.
Filter offline fallback videos	Filter video offline cadangan
Also apply these filters to downloaded videos TikTok uses when the feed cannot load enough new items.	Terapkan filter ini juga ke video terunduh yang TikTok pakai saat feed tidak bisa memuat cukup konten baru.
Filter feed tabs	Filter tab feed
Choose which loaded TikTok feed tabs should stay visible.	Pilih tab feed TikTok mana yang tetap terlihat.
Allowed loaded tabs	Tab yang diizinkan
Open TikTok home feed to detect loaded tabs.	Buka feed beranda TikTok untuk mendeteksi tab yang dimuat.
Block new TikTok tabs	Blokir tab TikTok yang baru
Hide tabs TikTok adds later unless you allow them.	Sembunyikan tab yang TikTok tambahkan kemudian, kecuali kamu mengizinkannya.
Filter bottom tabs	Filter tab bawah
Choose which loaded TikTok bottom navigation tabs should stay visible.	Pilih tab navigasi bawah TikTok mana yang tetap terlihat.
Allowed bottom tabs	Tab bawah yang diizinkan
Open TikTok home to detect loaded bottom tabs.	Buka beranda TikTok untuk mendeteksi tab bawah yang dimuat.
All loaded tabs	Semua tab yang dimuat
Home	Beranda
For You	For You
Block new bottom tabs	Blokir tab bawah yang baru
Hide bottom tabs TikTok adds later unless you allow them.	Sembunyikan tab bawah yang TikTok tambahkan kemudian, kecuali kamu mengizinkannya.
Hide Tako AI	Sembunyikan Tako AI
Hide the Tako AI feed bubble above the profile button.	Sembunyikan gelembung Tako AI di feed, tepat di atas tombol profil.
Caption text size	Ukuran teks keterangan
Use 0 for TikTok's size, or 12 to 48 sp. Applies to the next caption.	Pakai 0 untuk ukuran bawaan TikTok, atau 12 sampai 48 sp. Berlaku untuk keterangan berikutnya.
Caption background	Latar keterangan
TikTok default	Bawaan TikTok
Transparent	Transparan
Dark	Gelap
Black	Hitam
Keep captions in clear display	Pertahankan keterangan saat tampilan bersih
Show the current spoken caption while the other controls are hidden.	Tampilkan teks ucapan yang sedang berjalan meski kontrol lain disembunyikan.
Allow screenshots and Circle to Search	Izinkan tangkapan layar dan Circle to Search
Remove secure window flags. Restart TikTok after changing.	Hapus flag jendela aman. Mulai ulang TikTok setelah mengubahnya.
Automatic clear display	Tampilan bersih otomatis
Hide controls after each video starts. Tap to restore them.	Sembunyikan kontrol setelah tiap video mulai. Ketuk untuk memunculkannya lagi.
Clear display delay	Jeda tampilan bersih
Wait before hiding the controls.	Tunggu sebelum kontrol disembunyikan.
Double tap	Ketuk dua kali
Do nothing	Tidak melakukan apa pun
Open comments	Buka komentar
Long press	Tekan lama
TikTok default (2x hold, quick share)	Bawaan TikTok (tahan 2x, bagikan cepat)
Confirm before following	Konfirmasi sebelum mengikuti
Tap the feed Follow button twice within four seconds.	Ketuk tombol Ikuti di feed dua kali dalam empat detik.
Confirm before liking	Konfirmasi sebelum menyukai
Tap the like heart twice within four seconds. Removing a like stays immediate.	Ketuk ikon hati dua kali dalam empat detik. Membatalkan suka tetap langsung berlaku.
Hide floating promotions	Sembunyikan promosi mengambang
Hide floating promotion badges, coins, and timer banners on the homepage.	Sembunyikan lencana promosi mengambang, koin, dan spanduk penghitung waktu di beranda.
Hide CAPTCHA popups	Sembunyikan popup CAPTCHA
Hide browsing and LIVE puzzle dialogs. Login, account verification and any puzzle raised over a follow, like, comment or repost stay visible.	Sembunyikan dialog teka-teki saat menjelajah dan saat LIVE. Teka-teki untuk masuk, verifikasi akun, dan yang muncul saat mengikuti, menyukai, berkomentar, atau membagikan ulang tetap terlihat.
Always show publish date	Selalu tampilkan tanggal unggah
Always show the publish date in video author information. Requires restart.	Selalu tampilkan tanggal unggah di informasi pembuat video. Perlu mulai ulang.
Skip content warnings	Lewati peringatan konten
Play videos TikTok has classified without the overlay asking to be tapped through first.	Putar video yang diklasifikasi TikTok tanpa lapisan yang harus diketuk lebih dulu.
Show where a video was posted	Tampilkan asal unggahan video
Show the country a video was posted from next to the creator's name.	Tampilkan negara asal unggahan video di sebelah nama kreator.
Hide the caption	Sembunyikan keterangan
Hide the description under the creator's name on the feed.	Sembunyikan deskripsi di bawah nama kreator pada feed.
Hide the music line	Sembunyikan baris musik
Hide the spinning music cover and the track name beside the caption.	Sembunyikan sampul musik yang berputar dan nama lagu di samping keterangan.
Hide the action bar	Sembunyikan bilah aksi
Hide the column on the right: avatar, like, comments, favourite, share and the music disc.	Sembunyikan kolom di sebelah kanan: foto profil, suka, komentar, favorit, bagikan, dan piringan musik.
Hide surveys	Sembunyikan survei
Hide the question cards TikTok slides over a video near its end.	Sembunyikan kartu pertanyaan yang TikTok munculkan menjelang akhir video.
Hide the status bar	Sembunyikan bilah status
Keep the clock and status icons off the screen while TikTok is open. Swipe down from the top to peek at them.	Sembunyikan jam dan ikon status selama TikTok terbuka. Geser dari atas untuk mengintipnya.
Hide visual search prompt	Sembunyikan ajakan pencarian visual
Hide the "Search this image" prompt TikTok shows over videos when it spots something to shop for.	Sembunyikan ajakan "Cari gambar ini" yang TikTok tampilkan di atas video saat menemukan sesuatu yang bisa dibeli.
Hide Live entrance	Sembunyikan pintu masuk LIVE
Hide the Live button in the top left corner of the feed.	Sembunyikan tombol LIVE di pojok kiri atas feed.
Hide feed search button	Sembunyikan tombol cari di feed
Hide the search button in the top right corner of the feed.	Sembunyikan tombol cari di pojok kanan atas feed.
Hide feed follow button	Sembunyikan tombol ikuti di feed
Hide the plus button under the creator's avatar on the action rail.	Sembunyikan tombol tambah di bawah foto profil kreator pada kolom aksi.
Hide feed save button	Sembunyikan tombol simpan di feed
Hide the save button on the action rail.	Sembunyikan tombol simpan pada kolom aksi.
Auto translate comments	Terjemahkan komentar otomatis
Automatically translates loaded comment batches using TikTok's translation system.	Menerjemahkan komentar yang dimuat secara otomatis lewat sistem terjemahan TikTok.
Hide quick comment reactions	Sembunyikan reaksi komentar cepat
Hide TikTok's exposed quick emoji row in supported comment inputs.	Sembunyikan baris emoji cepat yang TikTok tampilkan di kolom komentar yang mendukungnya.
Copy comments without username	Salin komentar tanpa nama pengguna
Copy only the comment text when using TikTok's copy comment action.	Salin teks komentarnya saja saat memakai aksi salin komentar milik TikTok.
Filter comments by keyword	Filter komentar berdasarkan kata kunci
Hide comments that contain any of the words below, or that come from the accounts below.	Sembunyikan komentar yang memuat salah satu kata di bawah, atau yang berasal dari akun di bawah.
Blocked comment words	Kata komentar yang diblokir
Comma separated. A comment is hidden if its text contains any of them. Case does not matter.	Dipisahkan koma. Sebuah komentar disembunyikan jika teksnya memuat salah satunya. Huruf besar kecil tidak berpengaruh.
Hidden commenters	Pengomentar yang disembunyikan
Comma separated usernames or display names whose comments are hidden.	Nama pengguna atau nama tampilan dipisahkan koma yang komentarnya disembunyikan.
Thumbs down blocks the commenter	Jempol ke bawah memblokir pengomentar
The thumbs down on each comment blocks the account that posted it instead of disliking. The comment dims, an undo banner follows, and a second tap unblocks. Takes effect after a restart.	Jempol ke bawah pada tiap komentar memblokir akun yang menulisnya, bukan menandai tidak suka. Komentarnya meredup, muncul spanduk untuk mengurungkan, dan ketukan kedua membuka blokirnya. Berlaku setelah mulai ulang.
Save subtitles beside videos	Simpan subtitle bersama video
Save SRT files with the video. Paired saves use Movies on Android 11+, Download on Android 10, and your video folder on older versions.	Simpan berkas SRT bersama videonya. Penyimpanan berpasangan memakai Movies di Android 11+, Download di Android 10, dan folder videomu di versi lama.
Subtitle language	Bahasa subtitle
Original language	Bahasa asli
Device language, then original	Bahasa perangkat, lalu bahasa asli
All available languages	Semua bahasa yang tersedia
Video download quality	Kualitas unduhan video
Automatic	Otomatis
Highest	Tertinggi
Lowest	Terendah
Download original photos	Unduh foto asli
Save every photo in the post directly from its source URL, without rendering it again.	Simpan setiap foto dalam unggahan langsung dari URL sumbernya, tanpa dirender ulang.
Video destination	Lokasi simpan video
Photo destination	Lokasi simpan foto
Sticker destination	Lokasi simpan stiker
Video filename	Nama berkas video
Tokens: {creator}, {date}, {video_id}. The file extension is kept automatically.	Token: {creator}, {date}, {video_id}. Ekstensi berkas dipertahankan otomatis.
Photo filename	Nama berkas foto
Tokens: {creator}, {date}, {video_id}, {index}. The file extension is kept automatically.	Token: {creator}, {date}, {video_id}, {index}. Ekstensi berkas dipertahankan otomatis.
Comment media filename	Nama berkas media komentar
Tokens: {date}, {media_id}. Works for image and video stickers.	Token: {date}, {media_id}. Berlaku untuk stiker gambar dan video.
Remove watermark	Hapus tanda air
Apply to video downloads and image downloads.	Berlaku untuk unduhan video dan unduhan gambar.
Custom offline videos	Batas video offline khusus
Adds a custom option to TikTok's offline videos menu after restart.	Menambahkan opsi khusus ke menu video offline TikTok setelah mulai ulang.
Offline videos limit	Batas video offline
Choose 1-1000 videos. Values outside this range use the nearest valid limit. Restart TikTok after saving.	Pilih 1 sampai 1000 video. Nilai di luar rentang ini memakai batas sah terdekat. Mulai ulang TikTok setelah menyimpan.
Advance when a video ends	Lanjut saat video berakhir
Keep automatic advance enabled. Pauses and open dialogs still stop scrolling. Restart after enabling it; use this switch to turn it off.	Biarkan lanjut otomatis tetap aktif. Jeda dan dialog yang terbuka tetap menghentikan gulir. Mulai ulang setelah mengaktifkannya; pakai sakelar ini untuk mematikannya.
Use a default playback speed	Pakai kecepatan pemutaran bawaan
Start each new video at your default. A manual choice lasts until the video changes.	Mulai tiap video baru pada kecepatan pilihanmu. Pilihan manual bertahan sampai videonya berganti.
Default playback speed	Kecepatan pemutaran bawaan
Speed menu choices	Pilihan di menu kecepatan
Up to 8 speeds from 0.5 to 3, separated by commas. Example: 0.5, 1, 1.5, 2, 2.5, 3. Leave empty for TikTok's list. Restart after changing this list.	Sampai 8 kecepatan dari 0,5 hingga 3, dipisahkan koma. Contoh: 0.5, 1, 1.5, 2, 2.5, 3. Kosongkan untuk memakai daftar TikTok. Mulai ulang setelah mengubah daftar ini.
Video playback quality	Kualitas pemutaran video
Hide new followers	Sembunyikan pengikut baru
Hide the New followers row.	Sembunyikan baris Pengikut baru.
Hide activity	Sembunyikan aktivitas
Hide the Activity row of likes and comments on your posts.	Sembunyikan baris Aktivitas berisi suka dan komentar pada unggahanmu.
Hide archive	Sembunyikan arsip
Hide the Archive row.	Sembunyikan baris Arsip.
Hide TikTok Tako	Sembunyikan TikTok Tako
Hide the TikTok Tako assistant conversation.	Sembunyikan percakapan asisten TikTok Tako.
Hide TikTok Shop updates and coupon messages.	Sembunyikan info terbaru TikTok Shop dan pesan kupon.
Hide message requests	Sembunyikan permintaan pesan
Hide the Message requests row.	Sembunyikan baris Permintaan pesan.
Hide conversations	Sembunyikan percakapan
Hide every direct message conversation. Leaves the Inbox empty apart from whatever else is still switched on.	Sembunyikan semua percakapan pesan langsung. Kotak Masuk jadi kosong kecuali apa pun yang masih kamu aktifkan.
Hide add people	Sembunyikan tambah orang
Hide the add people icon in the Inbox header.	Sembunyikan ikon tambah orang di header Kotak Masuk.
Hide search	Sembunyikan pencarian
Hide the search icon in the Inbox header.	Sembunyikan ikon cari di header Kotak Masuk.
Hide activity status	Sembunyikan status aktivitas
Hide the activity status control in the Inbox header.	Sembunyikan kontrol status aktivitas di header Kotak Masuk.
Hide rows by title	Sembunyikan baris berdasarkan judul
Comma separated list of any other Inbox row titles to hide, matched exactly. Use this for anything not listed above.	Daftar judul baris Kotak Masuk lain yang ingin disembunyikan, dipisahkan koma dan dicocokkan persis. Pakai ini untuk apa pun yang tidak ada di atas.
Hide stories tray	Sembunyikan deret Story
Hide the row of story avatars across the top of the Inbox.	Sembunyikan baris foto profil Story di bagian atas Kotak Masuk.
Hide suggested accounts	Sembunyikan akun yang disarankan
Hide suggested account rows.	Sembunyikan baris akun yang disarankan.
Expand activity list	Bentangkan daftar aktivitas
Show the whole Activity and New followers lists instead of stopping at a View all button.	Tampilkan seluruh daftar Aktivitas dan Pengikut baru, bukan berhenti di tombol Lihat semua.
Hide sharing apps	Sembunyikan aplikasi berbagi
Remove the Share via row.	Hapus baris Bagikan lewat.
Hide video actions	Sembunyikan aksi video
Remove the actions row from the share sheet.	Hapus baris aksi dari menu bagikan.
Confirm before sending to a friend	Konfirmasi sebelum mengirim ke teman
A tap on a person in the Send to row only selects them. A second tap on the same person within four seconds sends the video.	Satu ketukan pada orang di baris Kirim ke hanya memilihnya. Ketukan kedua pada orang yang sama dalam empat detik mengirim videonya.
Hide the Send to row	Sembunyikan baris Kirim ke
Remove the row of friends from the top of the share sheet.	Hapus baris teman dari bagian atas menu bagikan.
Hide people and options by name	Sembunyikan orang dan opsi berdasarkan nama
Comma separated names exactly as the share sheet shows them: friends in the Send to row, share targets such as Facebook, and actions such as Create group or Repost. Stable keys such as copy, save and dislike also work before the sheet opens.	Nama dipisahkan koma, persis seperti yang ditampilkan menu bagikan: teman di baris Kirim ke, tujuan berbagi seperti Facebook, dan aksi seperti Buat grup atau Bagikan ulang. Kunci tetap seperti copy, save, dan dislike juga berlaku sebelum menunya terbuka.
Override SIM details	Timpa detail SIM
Use the selected country and operator values. Restart TikTok after changing region settings.	Pakai nilai negara dan operator yang dipilih. Mulai ulang TikTok setelah mengubah pengaturan wilayah.
Match locale and timezone to country	Samakan lokal dan zona waktu dengan negara
Also override TikTok's region getters. Keeps your interface language. Requires Override SIM details and a restart; IP address and account rules still apply.	Timpa juga pembaca wilayah milik TikTok. Bahasa antarmukamu tidak berubah. Perlu Timpa detail SIM dan mulai ulang; aturan alamat IP dan akun tetap berlaku.
Override store region (experimental)	Timpa wilayah toko (eksperimental)
Use the preset for TikTok's account and store region getters too. May affect search. Requires the locale option and a restart.	Pakai praset itu untuk pembaca wilayah akun dan toko TikTok juga. Bisa memengaruhi pencarian. Perlu opsi lokal dan mulai ulang.
SIM country preset	Praset negara SIM
No preset selected	Tidak ada praset yang dipilih
Custom SIM details	Detail SIM khusus
Country ISO	ISO negara
us, gb, jp, ...	us, gb, jp, ...
Operator MCC/MNC	MCC/MNC operator
Example: 310260	Contoh: 310260
Operator name	Nama operator
Example: T-Mobile	Contoh: T-Mobile
Enable diagnostic logging	Aktifkan pencatatan diagnostik
Only enable when recording logs to report an issue. Leaving it on for too long can make TikTok feel laggy and may lead to crashes.	Aktifkan hanya saat merekam log untuk melaporkan masalah. Membiarkannya menyala terlalu lama bisa membuat TikTok terasa berat dan berpotensi mogok.
Capture crash reports locally	Rekam laporan mogok di perangkat
Save the latest available TikTok crash report for diagnostic export.	Simpan laporan mogok TikTok terbaru yang tersedia untuk diekspor sebagai diagnostik.
Included diagnostics	Diagnostik yang disertakan
Includes all Morphe diagnostic events.	Mencakup semua peristiwa diagnostik Morphe.
Export diagnostic report	Ekspor laporan diagnostik
Copy a quick report or save the full report as a file.	Salin laporan ringkas atau simpan laporan lengkap sebagai berkas.
Clear diagnostic data	Hapus data diagnostik
Clear buffered events and saved crash reports.	Hapus peristiwa yang tertahan dan laporan mogok yang tersimpan.
Comments beside the video	Komentar di samping video
Use the split layout on wider screens. Restart TikTok after changing this option or unfolding if the old layout remains.	Pakai tata letak terbagi pada layar yang lebih lebar. Mulai ulang TikTok setelah mengubah opsi ini atau setelah membuka lipatan jika tata letak lama masih muncul.
Split comment minimum width	Lebar minimum tata letak terbagi
Window width needed to enable the layout. Restart after changing.	Lebar jendela yang dibutuhkan agar tata letak ini aktif. Mulai ulang setelah mengubahnya.
Sanitize sharing links	Bersihkan tautan berbagi
Remove tracking parameters from shared links.	Hapus parameter pelacakan dari tautan yang dibagikan.
Open external links directly	Buka tautan luar secara langsung
Open profile and story website links in your system browser instead of TikTok's in-app browser.	Buka tautan situs di profil dan Story lewat peramban sistemmu, bukan peramban dalam aplikasi TikTok.
Show seekbar	Tampilkan bilah progres
Show the native seekbar on videos where TikTok would normally hide it.	Tampilkan bilah progres bawaan pada video yang biasanya disembunyikan TikTok.
Show seekbar thumbnail	Tampilkan pratinjau bilah progres
Show a video preview thumbnail while dragging the seekbar.	Tampilkan pratinjau video saat bilah progres digeser.
Stop video looping	Hentikan pengulangan video
Stop videos at the end instead of replaying them.	Hentikan video di akhir, bukan memutarnya ulang.
Resume videos after scrolling	Lanjutkan video setelah menggulir
Continue supported videos from where you stopped when you scroll back to them.	Lanjutkan video yang didukung dari titik terakhir saat kamu menggulir kembali ke video itu.
Enable hold-and-slide 2x lock	Aktifkan kunci 2x tahan lalu geser
Use TikTok's native hold, slide down, and release gesture to lock 2x speed.	Pakai gestur bawaan TikTok, tahan lalu geser ke bawah dan lepas, untuk mengunci kecepatan 2x.
Disable long-press quick share	Matikan bagikan cepat lewat tekan lama
Keep long-pressing Share from opening TikTok's quick-share interaction.	Cegah tekan lama pada Bagikan membuka bagikan cepat milik TikTok.
Disable long-press repost	Matikan bagikan ulang lewat tekan lama
Keep holding Like from opening TikTok's repost action.	Cegah menahan tombol Suka membuka aksi bagikan ulang milik TikTok.
Ghost mode	Mode senyap
Stop TikTok reporting that you viewed a story or a profile, that you are typing. Online status is unchanged. It cannot undo what the server has already recorded.	Hentikan TikTok melaporkan bahwa kamu melihat Story atau profil, dan bahwa kamu sedang mengetik. Status online tidak berubah. Ini tidak bisa membatalkan yang sudah tercatat di server.
Disable analytics and tracking	Matikan analitik dan pelacakan
Stop ByteDance AppLog events, AppsFlyer attribution, explicit Firebase screen reports and crash reporting from being sent. TikTok's own diagnostics go quiet with them.	Hentikan pengiriman peristiwa AppLog ByteDance, atribusi AppsFlyer, laporan layar Firebase, dan laporan mogok. Diagnostik milik TikTok ikut diam bersamanya.
Show block button on videos	Tampilkan tombol blokir di video
Add a block button to the video player that blocks the account that posted the current video in one tap. An undo action is shown after each block.	Tambahkan tombol blokir di pemutar video yang memblokir akun pengunggah video ini dalam satu ketukan. Aksi untuk mengurungkan muncul setelah tiap pemblokiran.
Not interested button	Tombol tidak tertarik
Add a button beside the block control to send feedback about the current video.	Tambahkan tombol di samping kontrol blokir untuk mengirim masukan tentang video ini.
Use non-personalized search	Pakai pencarian nonpersonal
Use TikTok's non-personalized search state instead of the saved account choice.	Pakai mode pencarian nonpersonal milik TikTok, bukan pilihan akun yang tersimpan.
Show Live search	Tampilkan pencarian LIVE
Show TikTok's search entry in the Live drawer where supported.	Tampilkan kolom cari TikTok di laci LIVE bila didukung.
Do not translate languages	Bahasa yang tidak diterjemahkan
No additional languages excluded	Tidak ada bahasa tambahan yang dikecualikan
%d languages excluded	%d bahasa dikecualikan
Leave maximum empty to keep it unlimited.	Kosongkan nilai maksimum agar tetap tanpa batas.
Folder picker is not available	Pemilih folder tidak tersedia
Folder picker is not available on this device	Pemilih folder tidak tersedia di perangkat ini
Only internal storage folders are supported	Hanya folder penyimpanan internal yang didukung
Could not open settings section	Bagian pengaturan tidak bisa dibuka
Make TikTok yours.	Jadikan TikTok milikmu.
YOUR EXPERIENCE	PENGALAMANMU
%s on	%s aktif
Source code and releases	Kode sumber dan rilis
Choose what reaches your feed	Pilih apa yang sampai ke feed-mu
Arrange your feed and bottom tabs	Atur feed dan tab bawahmu
Captions, gestures and on-screen controls	Keterangan, gestur, dan kontrol di layar
Filters, translation and copy options	Filter, terjemahan, dan opsi salin
Quality, files and subtitles	Kualitas, berkas, dan subtitle
Quality, speed and automatic advance	Kualitas, kecepatan, dan lanjut otomatis
Choose which rows and controls appear	Pilih baris dan kontrol yang muncul
People, shortcuts and sending controls	Orang, pintasan, dan kontrol pengiriman
Country and network preferences	Preferensi negara dan jaringan
Links, privacy and player tools	Tautan, privasi, dan perkakas pemutar
Backups and troubleshooting	Cadangan dan pemecahan masalah
Hushfeed hid a TikTok puzzle. Turn off Hide CAPTCHA popups if something stops working.	Hushfeed menyembunyikan satu teka-teki TikTok. Matikan Sembunyikan popup CAPTCHA kalau ada yang berhenti berfungsi.
TikTok refused the follow: %1$s	TikTok menolak permintaan mengikuti: %1$s
A hidden puzzle may be the cause.	Teka-teki yang disembunyikan bisa jadi penyebabnya.
code %1$s	kode %1$s
On mobile data	Saat memakai data seluler
No limit	Tanpa batas
Hide comment popup ads	Sembunyikan iklan popup di komentar
Stop the brand animation that plays over the comments when what someone typed matches an advertiser's trigger.	Hentikan animasi merek yang muncul di atas komentar saat ketikan seseorang cocok dengan pemicu pengiklan.
Show the handle instead of the name	Tampilkan nama pengguna, bukan nama tampilan
Show @username beside a video instead of the display name the creator chose.	Tampilkan @namapengguna di samping video, bukan nama tampilan pilihan kreator.
Hide the avatar and follow button	Sembunyikan foto profil dan tombol ikuti
Hide the creator's picture and the plus button at the top of the right column.	Sembunyikan foto kreator dan tombol tambah di bagian atas kolom kanan.
Hide the like button	Sembunyikan tombol suka
Hide the heart and its count in the right column.	Sembunyikan ikon hati dan angkanya di kolom kanan.
Hide the comments button	Sembunyikan tombol komentar
Hide the speech bubble and its count in the right column.	Sembunyikan gelembung komentar dan angkanya di kolom kanan.
Hide the favourite button	Sembunyikan tombol favorit
Hide the bookmark and its count in the right column.	Sembunyikan ikon markah dan angkanya di kolom kanan.
Hide the music disc	Sembunyikan piringan musik
Hide the spinning record at the bottom of the right column.	Sembunyikan piringan yang berputar di bagian bawah kolom kanan.
Hide the share button	Sembunyikan tombol bagikan
Hide the arrow and its count in the right column.	Sembunyikan ikon panah dan angkanya di kolom kanan.
Min/Max comments	Komentar min/maks
The minimum or maximum comments on a video to show.	Jumlah komentar minimum atau maksimum agar video ditampilkan.
Min/Max favourites	Favorit min/maks
The minimum or maximum favourites of a video to show.	Jumlah favorit minimum atau maksimum agar video ditampilkan.
Min/Max shares	Bagikan min/maks
The minimum or maximum shares of a video to show.	Jumlah bagikan minimum atau maksimum agar video ditampilkan.
Comma separated account handles or user ids. These accounts are always skipped. An entry between slashes, like /^news_/, is a pattern matched against the handle and the display name.	Nama pengguna atau id pengguna dipisahkan koma. Akun ini selalu dilewati. Entri di antara garis miring, seperti /^news_/, adalah pola yang dicocokkan dengan nama pengguna dan nama tampilan.
Hushfeed cannot read the creator pattern %1$s	Hushfeed tidak bisa membaca pola kreator %1$s
Only from these countries	Hanya dari negara ini
Comma separated country codes, like GB, IE. Videos posted from anywhere else are hidden. Leave empty for all countries.	Kode negara dipisahkan koma, seperti GB, IE. Video dari tempat lain disembunyikan. Kosongkan untuk semua negara.
Never from these countries	Tidak pernah dari negara ini
Comma separated country codes. Videos posted from these are hidden, whatever the list above says.	Kode negara dipisahkan koma. Video dari negara ini disembunyikan, apa pun isi daftar di atas.
Hide picture comments	Sembunyikan komentar bergambar
Hide comments made of an image or a sticker instead of words.	Sembunyikan komentar yang berupa gambar atau stiker, bukan kata-kata.
Cleared. Tap again to put the record back.	Terhapus. Ketuk lagi untuk mengembalikan catatannya.
Cleared %1$s videos. Tap again to put them back.	%1$s video terhapus. Ketuk lagi untuk mengembalikannya.
Put back %1$s videos	%1$s video dikembalikan
There was nothing to clear	Tidak ada yang bisa dihapus
Hide the counts on the right column	Sembunyikan angka di kolom kanan
Hide the numbers under the like, comment, favourite and share buttons. The buttons stay.	Sembunyikan angka di bawah tombol suka, komentar, favorit, dan bagikan. Tombolnya tetap ada.
Seen video history cleared. Tap again to put it back.	Riwayat video yang sudah ditonton dihapus. Ketuk lagi untuk mengembalikannya.
Seen video history put back	Riwayat video yang sudah ditonton dikembalikan
There was nothing to put back	Tidak ada yang bisa dikembalikan
Save the sound as well	Simpan suaranya juga
Write the video's sound beside it as an .m4a. Android 10 and later file audio separately, so it lands in Music under the same folder name as your videos.	Simpan suara video di sebelahnya sebagai .m4a. Android 10 ke atas menyimpan audio secara terpisah, jadi berkasnya masuk ke Music dengan nama folder yang sama seperti folder videomu.
Animated sticker format	Format stiker animasi
Video (MP4)	Video (MP4)
GIF	GIF
WebP, exactly as TikTok sent it	WebP, persis seperti yang dikirim TikTok
Save a profile picture on a long press	Simpan foto profil dengan tekan lama
Press and hold a profile picture to save the full size original to your photo destination.	Tekan dan tahan foto profil untuk menyimpan aslinya dalam ukuran penuh ke lokasi simpan fotomu.
Open the profile again and try once more	Buka lagi profilnya dan coba sekali lagi
This profile picture isn't available to save	Foto profil ini tidak bisa disimpan
Still saving the last one	Yang sebelumnya masih disimpan
Profile picture saved to %1$s	Foto profil disimpan ke %1$s
The profile picture couldn't be saved.	Foto profilnya tidak bisa disimpan.
Save a story on a long press	Simpan Story dengan tekan lama
Press and hold a story to save it. Stories have no save button of their own, and holding one is how TikTok pauses it, so this takes that gesture over.	Tekan dan tahan Story untuk menyimpannya. Story tidak punya tombol simpan sendiri, dan menahannya adalah cara TikTok menjeda, jadi gestur itu diambil alih.
Open the story again and try once more	Buka lagi Story-nya dan coba sekali lagi
This story isn't available to save	Story ini tidak bisa disimpan
Saving the story	Menyimpan Story
Story saved to %1$s	Story disimpan ke %1$s
The story couldn't be saved.	Story-nya tidak bisa disimpan.
Hide search suggestions	Sembunyikan saran pencarian
Hide the searches TikTok offers before you type. Your own search history stays.	Sembunyikan pencarian yang ditawarkan TikTok sebelum kamu mengetik. Riwayat pencarianmu sendiri tetap ada.
Share links through another host	Bagikan tautan lewat host lain
A host to put in place of tiktok.com when you share or copy a link, like vxtiktok.com. Leave it empty to share TikTok's own links. Only TikTok links are changed, and only the host: nothing is sent anywhere new.	Host pengganti tiktok.com saat kamu membagikan atau menyalin tautan, misalnya vxtiktok.com. Kosongkan untuk membagikan tautan TikTok sendiri. Hanya tautan TikTok yang diubah, dan hanya bagian host-nya, tidak ada yang dikirim ke mana pun.
Storage permission is needed to save a story	Izin penyimpanan dibutuhkan untuk menyimpan Story
Saved %1$s of %2$s photos before the story failed	%1$s dari %2$s foto tersimpan sebelum Story gagal
